name,price,brand,category,product_id,displayed_price,image_url,product_url,page_number,page_url
Friteuse Air Fryer MDF digital power 5L 12 programmes sans PFOA – 2 ans de garantie,60.33,Mellerware,Home & Office/Home & Kitchen/Kitchen & Dining/Small Appliances/Air Fryers,ME675HA0YJCJCNAFAMZ,629.00 Dhs,https://ma.jumia.is/unsafe/fit-in/300x300/filters:fill(white)/product/58/009656/1.jpg?6851,https://www.jumia.ma/mellerware-friteuse-air-fryer-mdf-digital-power-5l-12-programmes-sans-pfoa-2-ans-de-garantie-65690085.html,1,https://www.jumia.ma/mlp-electromenager/
Air fryer sans huile 4L 1200W - 12 mois garantie,46.90,Royal,Home & Office/Home & Kitchen/Kitchen & Dining/Small Appliances/Air Fryers,RO663HA02RWBYNAFAMZ,489.00 Dhs,https://ma.jumia.is/unsafe/fit-in/300x300/filters:fill(white)/product/04/660846/1.jpg?4757,https://www.jumia.ma/royal-air-fryer-sans-huile-4l-1200w-12-mois-garantie-64806640.html,1,https://www.jumia.ma/mlp-electromenager/
"Bouilloire en acier inoxydable 1,7 Litres",21.00,Daiko,Home & Office/Home & Kitchen/Kitchen & Dining/Small Appliances/Slow Cookers,DA150HA0KRYNMNAFAMZ,219.00 Dhs,https://ma.jumia.is/unsafe/fit-in/300x300/filters:fill(white)/product/34/896946/1.jpg?5404,https://www.jumia.ma/daiko-bouilloire-en-acier-inoxydable-17-litres-64969843.html,1,https://www.jumia.ma/mlp-electromenager/
Friteuse à air sans huile AIR FRYER MDF5S DIGITAL 8programmes5L - 2 ans de garantie,57.45,Mellerware,Home & Office/Home & Kitchen/Kitchen & Dining/Small Appliances/Air Fryers,ME675HA1FN9LCNAFAMZ,599.00 Dhs,https://ma.jumia.is/unsafe/fit-in/300x300/filters:fill(white)/product/86/745936/1.jpg?7140,https://www.jumia.ma/mellerware-friteuse-a-air-sans-huile-air-fryer-mdf5s-digital-8programmes5l-2-ans-de-garantie-63954768.html,1,https://www.jumia.ma/mlp-electromenager/
Batteur Mixeur Mélangeur MHM-301 5 Vitesses 2 Fouets Métalliques-2ans de garantie,5.08,Mellerware,Home & Office/Home & Kitchen/Kitchen & Dining/Small Appliances/Mixers,ME675HA157AH6NAFAMZ,53.00 Dhs,https://ma.jumia.is/unsafe/fit-in/300x300/filters:fill(white)/product/69/204426/1.jpg?6767,https://www.jumia.ma/mellerware-batteur-mixeur-melangeur-mhm-301-5-vitesses-2-fouets-metalliques-2ans-de-garantie-62440296.html,1,https://www.jumia.ma/mlp-electromenager/
"Bouilloire Electrique élégant 1,8L 1500W BG1500/",8.54,Kenz,Home & Office/Home & Kitchen/Kitchen & Dining/Small Appliances/Slow Cookers,KE402HA0CCM7SNAFAMZ,89.00 Dhs,https://ma.jumia.is/unsafe/fit-in/300x300/filters:fill(white)/product/20/744056/1.jpg?5699,https://www.jumia.ma/bouilloire-electrique-elegant-18l-1500w-bg1500-kenz-mpg1460090.html,1,https://www.jumia.ma/mlp-electromenager/
Robot Pétrin Black 1000W 6 vitesses + Bol en inox 5L - 2 ans de garantie,57.45,Mellerware,Home & Office/Home & Kitchen/Kitchen & Dining/Small Appliances/Bread Machines,ME675HA1BGI63NAFAMZ,599.00 Dhs,https://ma.jumia.is/unsafe/fit-in/300x300/filters:fill(white)/product/79/711995/1.jpg?1127,https://www.jumia.ma/robot-petrin-black-1000w-6-vitesses-bol-en-inox-5l-2-ans-de-garantie-mellerware-mpg1398045.html,1,https://www.jumia.ma/mlp-electromenager/
Panini grill multifonction appareil à sandwichs 750 W – 2 ans de garantie,12.37,Mellerware,Home & Office/Home & Kitchen/Kitchen & Dining/Small Appliances/Waffle Irons,ME675HA0RF2UCNAFAMZ,129.00 Dhs,https://ma.jumia.is/unsafe/fit-in/300x300/filters:fill(white)/product/46/053156/1.jpg?2521,https://www.jumia.ma/panini-grill-multifonction-appareil-a-sandwichs-750-w-2-ans-de-garantie-mellerware-mpg1460111.html,1,https://www.jumia.ma/mlp-electromenager/
Bouilloire en verre cristal MKE 1818 BL4 1.8L puissance 1500w – 2 ans de garantie,12.37,Mellerware,Home & Office/Home & Kitchen/Kitchen & Dining/Small Appliances/Slow Cookers,ME675HA13BQXWNAFAMZ,129.00 Dhs,https://ma.jumia.is/unsafe/fit-in/300x300/filters:fill(white)/product/66/053156/1.jpg?2486,https://www.jumia.ma/mellerware-bouilloire-en-verre-cristal-mke-1818-bl4-1.8l-puissance-1500w-2-ans-de-garantie-65135066.html,1,https://www.jumia.ma/mlp-electromenager/
Blender 2 Bols en plastique incassable 350W 1.25 Litres,12.95,Kenz,Home & Office/Home & Kitchen/Kitchen & Dining/Small Appliances/Blenders,KE402HA1C2MIGNAFAMZ,135.00 Dhs,https://ma.jumia.is/unsafe/fit-in/300x300/filters:fill(white)/product/80/744056/1.jpg?5657,https://www.jumia.ma/kenz-blender-2-bols-en-plastique-incassable-350w-1.25-litres-65044708.html,1,https://www.jumia.ma/mlp-electromenager/
Panini Sandwiches Maker Granit Antiadhésive Barbecue sans huile sans beurre,20.14,Kenz,Home & Office/Home & Kitchen/Kitchen & Dining/Small Appliances/Waffle Irons,KE402HA00FY48NAFAMZ,210.00 Dhs,https://ma.jumia.is/unsafe/fit-in/300x300/filters:fill(white)/product/00/744056/1.jpg?5741,https://www.jumia.ma/panini-sandwiches-maker-granit-antiadhesive-barbecue-sans-huile-sans-beurre-kenz-mpg1460095.html,1,https://www.jumia.ma/mlp-electromenager/
Hachoir électrique 3Litre/1000W  2 bols Inox et verre 5 vitesse  en acier Inoxydable Inox  Vert,18.13,Kenz,Home & Office/Home & Kitchen/Kitchen & Dining/Small Appliances/Specialty Appliances/Food Grinders & Mills/Meat Grinders,KE402HA0LQLQMNAFAMZ,189.00 Dhs,https://ma.jumia.is/unsafe/fit-in/300x300/filters:fill(white)/product/36/513166/1.jpg?8304,https://www.jumia.ma/kenz-hachoir-electrique-3litre1000w-2-bols-inox-et-verre-5-vitesse-en-acier-inoxydable-inox-vert-66131563.html,1,https://www.jumia.ma/mlp-electromenager/
Espresso Coffee Maker CM202,69.92,Mellerware,Home & Office/Home & Kitchen/Kitchen & Dining/Small Appliances/Soda Makers,ME675HA0SOMYINAFAMZ,729.00 Dhs,https://ma.jumia.is/unsafe/fit-in/300x300/filters:fill(white)/product/48/178746/1.jpg?4468,https://www.jumia.ma/mellerware-espresso-coffee-maker-cm202-64787184.html,1,https://www.jumia.ma/mlp-electromenager/
"Blender, Robot 1500W, 2 Bols plastique incassable – Jaune",17.74,Kenz,Home & Office/Home & Kitchen/Kitchen & Dining/Small Appliances/Blenders,KE402HA19G1NGNAFAMZ,185.00 Dhs,https://ma.jumia.is/unsafe/fit-in/300x300/filters:fill(white)/product/76/331356/1.jpg?6976,https://www.jumia.ma/kenz-blender-robot-1500w-2-bols-plastique-incassable-jaune-65313367.html,1,https://www.jumia.ma/mlp-electromenager/
Robot Pétrin BLEU 1000W – 6 vitesses + Bol en inox 5L - 2 Ans de garantie,59.37,Mellerware,Home & Office/Home & Kitchen/Kitchen & Dining/Small Appliances/Bread Machines,ME675HA19A2ZONAFAMZ,619.00 Dhs,https://ma.jumia.is/unsafe/fit-in/300x300/filters:fill(white)/product/76/053156/1.jpg?2608,https://www.jumia.ma/mellerware-robot-petrin-bleu-1000w-6-vitesses-bol-en-inox-5l-2-ans-de-garantie-65135067.html,1,https://www.jumia.ma/mlp-electromenager/
Maxi Robot Mixeur Plongeant 4En1 - INOX - Powered 2 Vitesses 700+500ml,14.39,Homy,Home & Office/Home & Kitchen/Kitchen & Dining/Small Appliances/Mixers/Hand Mixers,HO520HA1ICZIMNAFAMZ,150.00 Dhs,https://ma.jumia.is/unsafe/fit-in/300x300/filters:fill(white)/product/91/305166/1.jpg?3686,https://www.jumia.ma/maxi-robot-mixeur-plongeant-4en1-inox-powered-2-vitesses-700500ml-prix-pas-cher-homy-mpg879605.html,1,https://www.jumia.ma/mlp-electromenager/
"Blender Genuine LM241B25 - 500W, 1 vitesse + pulse, Bol 1,75L  et 1 accessoire",47.86,Moulinex,Home & Office/Home & Kitchen/Kitchen & Dining/Small Appliances/Blenders,MO216HA1KKZD1NAFAMZ,499.00 Dhs,https://ma.jumia.is/unsafe/fit-in/300x300/filters:fill(white)/product/95/037445/1.jpg?5420,https://www.jumia.ma/blender-genuine-lm241b25-500w-1-vitesse-pulse-bol-175l-1-accessoire-moulinex-mpg944094.html,1,https://www.jumia.ma/mlp-electromenager/
Hachoir Electrique à viande avec 2 bol en verre et inox 3L/2000W+ 5 Lames et batteur,17.17,Cooking,Home & Office/Home & Kitchen/Kitchen & Dining/Small Appliances/Specialty Appliances/Food Grinders & Mills,CO985HA1BQM3INAFAMZ,179.00 Dhs,https://ma.jumia.is/unsafe/fit-in/300x300/filters:fill(white)/product/80/183646/1.jpg?0493,https://www.jumia.ma/cooking-hachoir-electrique-a-viande-avec-2-bol-en-verre-et-inox-3l2000w-5-lames-et-batteur-64638108.html,1,https://www.jumia.ma/mlp-electromenager/
Hachoir électrique 3Litre/1000W  2 bols Inox et verre 5 vitesse  en acier Inoxydable Inox Noir,18.13,Kenz,Home & Office/Home & Kitchen/Kitchen & Dining/Small Appliances/Specialty Appliances/Food Grinders & Mills/Meat Grinders,KE402HA0ROXSENAFAMZ,189.00 Dhs,https://ma.jumia.is/unsafe/fit-in/300x300/filters:fill(white)/product/46/513166/1.jpg?6518,https://www.jumia.ma/kenz-hachoir-electrique-3litre1000w-2-bols-inox-et-verre-5-vitesse-en-acier-inoxydable-inox-noir-66131564.html,1,https://www.jumia.ma/mlp-electromenager/
Friteuse sans huile 1500Watts - Air fryer - Taille XXL - 8 programmes,49.68,Kumtel,Home & Office/Home & Kitchen/Kitchen & Dining/Small Appliances/Air Fryers,KU265HA0ISL9UNAFAMZ,518.00 Dhs,https://ma.jumia.is/unsafe/fit-in/300x300/filters:fill(white)/product/31/567026/1.jpg?8449,https://www.jumia.ma/air-fryer-friteuse-kumtel-mpg1398081.html,1,https://www.jumia.ma/mlp-electromenager/
Hachoir électrique 3Litre/1000W  2 bols Inox et verre 5 vitesse  en acier Inoxydable Inox  blue,18.13,Kenz,Home & Office/Home & Kitchen/Kitchen & Dining/Small Appliances/Specialty Appliances/Food Grinders & Mills/Meat Grinders,KE402HA0XN9U6NAFAMZ,189.00 Dhs,https://ma.jumia.is/unsafe/fit-in/300x300/filters:fill(white)/product/56/513166/1.jpg?6695,https://www.jumia.ma/kenz-hachoir-electrique-3litre1000w-2-bols-inox-et-verre-5-vitesse-en-acier-inoxydable-inox-blue-66131565.html,1,https://www.jumia.ma/mlp-electromenager/
Mixeur Plongeant avec 2 vitesses – Gris/blanc,9.11,Kenz,Home & Office/Home & Kitchen/Kitchen & Dining/Small Appliances/Mixers/Hand Mixers,KE402HA022A70NAFAMZ,95.00 Dhs,https://ma.jumia.is/unsafe/fit-in/300x300/filters:fill(white)/product/03/465756/1.jpg?4550,https://www.jumia.ma/kenz-mixeur-plongeant-avec-2-vitesses-grisblanc-65756430.html,1,https://www.jumia.ma/mlp-electromenager/
Robot Mixeur plongeant -  4 en 1 - 600W - 3 vitesses,22.35,Haeger,Home & Office/Home & Kitchen/Kitchen & Dining/Small Appliances/Mixers/Hand Mixers,HA732HA0TH09GNAFAMZ,233.00 Dhs,https://ma.jumia.is/unsafe/fit-in/300x300/filters:fill(white)/product/49/502356/1.jpg?3784,https://www.jumia.ma/haeger-robot-mixeur-plongeant-4-en-1-600w-3-vitesses-65320594.html,1,https://www.jumia.ma/mlp-electromenager/
Appareil à sandwichs et paninis 750 W pour des repas rapides,15.63,Generic,Home & Office/Home & Kitchen/Kitchen & Dining/Small Appliances/Specialty Appliances/Sandwich Makers & Panini Presses,GE232HA11ABCQNAFAMZ,163.00 Dhs,https://ma.jumia.is/unsafe/fit-in/300x300/filters:fill(white)/product/62/627066/1.jpg?5245,https://www.jumia.ma/generic-appareil-a-sandwichs-et-paninis-750-w-pour-des-repas-rapides-66072626.html,1,https://www.jumia.ma/mlp-electromenager/
"Bouilloire en plastique Aroa 2200W +1,7L -2 ans de garantie",20.91,Taurus,Home & Office/Home & Kitchen/Kitchen & Dining/Small Appliances/Slow Cookers,TA867HL1L4IJNNAFAMZ,218.00 Dhs,https://ma.jumia.is/unsafe/fit-in/300x300/filters:fill(white)/product/95/948771/2.jpg?2386,https://www.jumia.ma/taurus-bouilloire-en-plastique-aroa-2200w-17l-2-ans-de-garantie-17784959.html,1,https://www.jumia.ma/mlp-electromenager/
Mixeur Plongeant avec 2 vitesses – Noir,9.11,Kenz,Home & Office/Home & Kitchen/Kitchen & Dining/Small Appliances/Mixers/Hand Mixers,KE402HA080M8SNAFAMZ,95.00 Dhs,https://ma.jumia.is/unsafe/fit-in/300x300/filters:fill(white)/product/13/465756/1.jpg?4596,https://www.jumia.ma/kenz-mixeur-plongeant-avec-2-vitesses-noir-65756431.html,1,https://www.jumia.ma/mlp-electromenager/
Robot Mixeur Plongeant 600 Plus Inox Mélangeur-hachoir -2ans  de garantie,25.42,Solac,Home & Office/Home & Kitchen/Kitchen & Dining/Small Appliances/Mixers,SO312HL1DDCYENAFAMZ,265.00 Dhs,https://ma.jumia.is/unsafe/fit-in/300x300/filters:fill(white)/product/82/924502/1.jpg?6827,https://www.jumia.ma/solac-robot-mixeur-plongeant-600-plus-inox-melangeur-hachoir-2ans-de-garantie-20542928.html,1,https://www.jumia.ma/mlp-electromenager/
Machine à laver à hublot 6 Kg - 800 Tr/Min – A++ (T842 S),239.67,Siera,Home & Office/Tools & Home Improvement/Appliances/Washers & Dryers,SI498HA07I9VZNAFAMZ,"2,499.00 Dhs",https://ma.jumia.is/unsafe/fit-in/300x300/filters:fill(white)/product/12/609935/1.jpg?6727,https://www.jumia.ma/siera-machine-a-laver-a-hublot-6-kg-800-trmin-a-t842-s-53990621.html,1,https://www.jumia.ma/mlp-electromenager/
PANINI slim multi-grill compact 800W,23.88,Severin,Home & Office/Home & Kitchen/Kitchen & Dining/Small Appliances/Waffle Irons,SE286HA0D3D8CNAFAMZ,249.00 Dhs,https://ma.jumia.is/unsafe/fit-in/300x300/filters:fill(white)/product/21/992124/1.jpg?0784,https://www.jumia.ma/panini-slim-multi-grill-compact-800w-severin-mpg1360430.html,1,https://www.jumia.ma/mlp-electromenager/
"Machine à POP CORN ""FOOTBALL POPPER XL"" AVEC BOL XL inclus (Taille: 20X20X29CM)",11.41,Black Diamond,Home & Office/Home & Kitchen/Kitchen & Dining/Small Appliances/Specialty Appliances/Popcorn Poppers,BL651HA1DY3U0NAFAMZ,119.00 Dhs,https://ma.jumia.is/unsafe/fit-in/300x300/filters:fill(white)/product/83/892456/1.jpg?8502,https://www.jumia.ma/machine-a-pop-corn-football-popper-xl-avec-bol-xl-inclus-taille-20x20x29cm-edyson-mpg1460552.html,1,https://www.jumia.ma/mlp-electromenager/
"Bouilloire Electrique - 2200Watts - 1,7Litres - High Quality",10.45,HOMETEC,Home & Office/Home & Kitchen/Kitchen & Dining/Small Appliances/Slow Cookers,HO613HA072QJMNAFAMZ,109.00 Dhs,https://ma.jumia.is/unsafe/fit-in/300x300/filters:fill(white)/product/11/885026/1.jpg?0474,https://www.jumia.ma/hometec-bouilloire-electrique-2200watts-17litres-high-quality-62058811.html,1,https://www.jumia.ma/mlp-electromenager/
"Blender 1,5L 450W 2V 2cc Noir + Bol Gratuit LM2CR8M2",47.86,Moulinex,Home & Office/Home & Kitchen/Kitchen & Dining/Small Appliances/Blenders,MO216HA0MV7UQNAFAMZ,499.00 Dhs,https://ma.jumia.is/unsafe/fit-in/300x300/filters:fill(white)/product/38/408066/1.jpg?5123,https://www.jumia.ma/moulinex-blender-15l-450w-2v-2cc-noir-bol-gratuit-lm2cr8m2-66080483.html,1,https://www.jumia.ma/mlp-electromenager/
Robot Mixeur Plongeant ROBOT 750 EASY Plus Inox Système de rotation turbo-2ans de garantie,28.68,Taurus,Home & Office/Home & Kitchen/Kitchen & Dining/Small Appliances/Mixers/Hand Mixers,TA867HA0T932SNAFAMZ,299.00 Dhs,https://ma.jumia.is/unsafe/fit-in/300x300/filters:fill(white)/product/49/132756/1.jpg?4606,https://www.jumia.ma/taurus-robot-mixeur-plongeant-robot-750-easy-plus-inox-systeme-de-rotation-turbo-2ans-de-garantie-65723194.html,1,https://www.jumia.ma/mlp-electromenager/
Hachoir électrique Chopper KWIK 600w 4 lames large bol1.8L inox-2ans de garantie,36.35,Taurus,Home & Office/Home & Kitchen/Kitchen & Dining/Small Appliances/Specialty Appliances/Food Grinders & Mills,TA867HA1DO6OHNAFAMZ,379.00 Dhs,https://ma.jumia.is/unsafe/fit-in/300x300/filters:fill(white)/product/83/429585/1.jpg?5493,https://www.jumia.ma/taurus-hachoir-electrique-chopper-kwik-600w-4-lames-large-bol1.8l-inox-2ans-de-garantie-58592438.html,1,https://www.jumia.ma/mlp-electromenager/
"Hachoir 5 sec manuel 500ml, Lames acier inoxydable Cuisine rapide et facile",11.41,Tefal,Home & Office/Home & Kitchen/Kitchen & Dining/Small Appliances/Specialty Appliances/Food Grinders & Mills,TE319HA0JYWNINAFAMZ,119.00 Dhs,https://ma.jumia.is/unsafe/fit-in/300x300/filters:fill(white)/product/33/541326/1.jpg?1584,https://www.jumia.ma/tefal-hachoir-5-sec-manuel-500ml-lames-acier-inoxydable-cuisine-rapide-et-facile-62314533.html,1,https://www.jumia.ma/mlp-electromenager/
Robot Mixeur Plongeant ROBOT 750 EASY Système de rotation turbo-2ans de garantie,18.13,Taurus,Home & Office/Home & Kitchen/Kitchen & Dining/Small Appliances/Mixers/Hand Mixers,TA867HA0MPBF8NAFAMZ,189.00 Dhs,https://ma.jumia.is/unsafe/fit-in/300x300/filters:fill(white)/product/38/132756/1.jpg?4125,https://www.jumia.ma/taurus-robot-mixeur-plongeant-robot-750-easy-systeme-de-rotation-turbo-2ans-de-garantie-65723183.html,1,https://www.jumia.ma/mlp-electromenager/
Batteur mixeur plongeant 4en1 250W 2 vitesses,33.47,DECAKILA,Home & Office/Home & Kitchen/Kitchen & Dining/Small Appliances/Mixers/Hand Mixers,DE028HA0V6CUUNAFAMZ,349.00 Dhs,https://ma.jumia.is/unsafe/fit-in/300x300/filters:fill(white)/product/52/364694/1.jpg?3731,https://www.jumia.ma/decakila-batteur-mixeur-plongeant-4en1-250w-2-vitesses-49646325.html,1,https://www.jumia.ma/mlp-electromenager/
planche de cuisson 90cm antiadhésif électrique 2000w,44.69,Robolux,Home & Office/Home & Kitchen/Kitchen & Dining/Small Appliances/Electric Griddles,RO361HA032XJONAFAMZ,466.00 Dhs,https://ma.jumia.is/unsafe/fit-in/300x300/filters:fill(white)/product/05/175636/1.jpg?8163,https://www.jumia.ma/planche-de-cuisson-90cm-antiadhesif-electrique-2000w-robolux-mpg1481785.html,1,https://www.jumia.ma/mlp-electromenager/
Electrique Hachoir 2 Bol Inox Et Verre Avec 5 Lames et batteur,21.00,Cooking,Home & Office/Home & Kitchen/Kitchen & Dining/Small Appliances/Specialty Appliances/Food Grinders & Mills/Meat Grinders,CO985HA02EGJANAFAMZ,219.00 Dhs,https://ma.jumia.is/unsafe/fit-in/300x300/filters:fill(white)/product/04/033846/1.jpg?7232,https://www.jumia.ma/cooking-electrique-hachoir-2-bol-inox-et-verre-avec-5-lames-et-batteur-64833040.html,1,https://www.jumia.ma/mlp-electromenager/
Grille/planche de cuisson 90cm antiadhésif électrique 2000W,58.60,schlëizer,Home & Office/Home & Kitchen/Kitchen & Dining/Small Appliances/Electric Griddles,SC670HA05XNAKNAFAMZ,611.00 Dhs,https://ma.jumia.is/unsafe/fit-in/300x300/filters:fill(white)/product/09/967916/1.jpg?1604,https://www.jumia.ma/grilleplanche-de-cuisson-70cm-antiadhesif-electrique-2000w-schleizer-mpg1447367.html,1,https://www.jumia.ma/mlp-electromenager/
"Blender, Robot 1500W, 2 Bols plastique incassable – Noir",17.74,Kenz,Home & Office/Home & Kitchen/Kitchen & Dining/Small Appliances/Blenders,KE402HA1LCPR0NAFAMZ,185.00 Dhs,https://ma.jumia.is/unsafe/fit-in/300x300/filters:fill(white)/product/96/331356/1.jpg?7112,https://www.jumia.ma/blender-robot-1500w-2-bols-plastique-incassable-noir-kenz-mpg1447196.html,2,https://www.jumia.ma/mlp-electromenager/?page=2#catalog-listing
Smart Blender – White,67.04,XIAOMI,Home & Office/Home & Kitchen/Kitchen & Dining/Small Appliances/Blenders,XI737HA0VKPSMNAFAMZ,699.00 Dhs,https://ma.jumia.is/unsafe/fit-in/300x300/filters:fill(white)/product/53/034646/1.jpg?3716,https://www.jumia.ma/xiaomi-smart-blender-white-64643035.html,2,https://www.jumia.ma/mlp-electromenager/?page=2#catalog-listing
Réfrigérateur avec congélateur en haut 190L - Dp 27 Silver,258.85,Siera,Home & Office/Tools & Home Improvement/Appliances/Refrigerators,SI498HA0PVPP9NAFAMZ,"2,699.00 Dhs",https://ma.jumia.is/unsafe/fit-in/300x300/filters:fill(white)/product/43/470045/1.jpg?4510,https://www.jumia.ma/siera-refrigerateur-avec-congelateur-en-haut-190l-dp-27-silver-54007434.html,2,https://www.jumia.ma/mlp-electromenager/?page=2#catalog-listing
Bouilloire en verre cristal Aroa Glass  1.7Lrotation360° 2200w-2 ans de garantie,31.84,Taurus,Home & Office/Home & Kitchen/Kitchen & Dining/Small Appliances/Slow Cookers,TA867HL0QREOZNAFAMZ,332.00 Dhs,https://ma.jumia.is/unsafe/fit-in/300x300/filters:fill(white)/product/44/948771/1.jpg?6126,https://www.jumia.ma/taurus-bouilloire-en-verre-cristal-aroa-glass-1.7lrotation360-2200w-2-ans-de-garantie-17784944.html,2,https://www.jumia.ma/mlp-electromenager/?page=2#catalog-listing
Four électrique Horizon 10L  noir multifonction haut qualité-2ans de garantie,36.35,Taurus,Home & Office/Home & Kitchen/Kitchen & Dining/Small Appliances/Ovens & Toasters,TA867HA1B2IY0NAFAMZ,379.00 Dhs,https://ma.jumia.is/unsafe/fit-in/300x300/filters:fill(white)/product/79/059816/1.jpg?6095,https://www.jumia.ma/taurus-four-electrique-horizon-10l-noir-multifonction-haut-qualite-2ans-de-garantie-61895097.html,2,https://www.jumia.ma/mlp-electromenager/?page=2#catalog-listing
planche de cuisson 90cm antiadhésif électrique 2000w,54.57,schlëizer,Home & Office/Home & Kitchen/Kitchen & Dining/Small Appliances/Electric Griddles,SC670HA0V7I9ONAFAMZ,569.00 Dhs,https://ma.jumia.is/unsafe/fit-in/300x300/filters:fill(white)/product/52/418364/1.jpg?1178,https://www.jumia.ma/schleizer-planche-de-cuisson-90cm-antiadhesif-electrique-2000w-46381425.html,2,https://www.jumia.ma/mlp-electromenager/?page=2#catalog-listing
Panini grill CHICAGO SILVER appareil à sandwichs 1200W-2 ans de garantie,31.84,Taurus,Home & Office/Home & Kitchen/Kitchen & Dining/Small Appliances/Waffle Irons,TA867HA1CEIFQNAFAMZ,332.00 Dhs,https://ma.jumia.is/unsafe/fit-in/300x300/filters:fill(white)/product/81/298646/1.jpg?5312,https://www.jumia.ma/taurus-panini-grill-chicago-silver-appareil-a-sandwichs-1200w-2-ans-de-garantie-64689218.html,2,https://www.jumia.ma/mlp-electromenager/?page=2#catalog-listing
Panini Grill Ultracompact 700W Silver Sm156140,23.88,Moulinex,Home & Office/Home & Kitchen/Kitchen & Dining/Small Appliances/Waffle Irons,MO216HA19F506NAFAMZ,249.00 Dhs,https://ma.jumia.is/unsafe/fit-in/300x300/filters:fill(white)/product/76/289046/1.jpg?0931,https://www.jumia.ma/moulinex-panini-grill-ultracompact-700w-silver-sm156140-64098267.html,2,https://www.jumia.ma/mlp-electromenager/?page=2#catalog-listing
"Blender, Robot 1500W, 2 Bols plastique incassable -Rouge",17.74,Kenz,Home & Office/Home & Kitchen/Kitchen & Dining/Small Appliances/Blenders,KE402HA1FEDP8NAFAMZ,185.00 Dhs,https://ma.jumia.is/unsafe/fit-in/300x300/filters:fill(white)/product/86/331356/1.jpg?7044,https://www.jumia.ma/blender-robot-1500w-2-bols-plastique-incassable-rouge-kenz-mpg1447197.html,2,https://www.jumia.ma/mlp-electromenager/?page=2#catalog-listing
Panini Grill Toast 3in1 Puissant Rapide Antiadhésive Grade Alimentaire ni huile ni beurre Top BLACK,13.62,Homy,Home & Office/Home & Kitchen/Kitchen & Dining/Small Appliances/Specialty Appliances/Sandwich Makers & Panini Presses,HO520HA0FG9F6NAFAMZ,142.00 Dhs,https://ma.jumia.is/unsafe/fit-in/300x300/filters:fill(white)/product/25/952946/1.jpg?3988,https://www.jumia.ma/homy-panini-grill-toast-3in1-puissant-rapide-antiadhesive-grade-alimentaire-ni-huile-ni-beurre-top-black-64925952.html,2,https://www.jumia.ma/mlp-electromenager/?page=2#catalog-listing
MIXEUR PLONGEANT Daily chef 600 W Blanc,47.86,Moulinex,Home & Office/Home & Kitchen/Kitchen & Dining/Small Appliances/Mixers/Hand Mixers,MO216HA1F05KKNAFAMZ,499.00 Dhs,https://ma.jumia.is/unsafe/fit-in/300x300/filters:fill(white)/product/85/667636/1.jpg?6083,https://www.jumia.ma/moulinex-mixeur-plongeant-daily-chef-600-w-blanc-63676658.html,2,https://www.jumia.ma/mlp-electromenager/?page=2#catalog-listing
Raclette 4 Personnes,33.47,Techwood,Home & Office/Home & Kitchen/Kitchen & Dining/Small Appliances/Electric Griddles,TE984HA05MKAENAFAMZ,349.00 Dhs,https://ma.jumia.is/unsafe/fit-in/300x300/filters:fill(white)/product/09/450806/1.jpg?6185,https://www.jumia.ma/techwood-raclette-4-personnes-60805490.html,2,https://www.jumia.ma/mlp-electromenager/?page=2#catalog-listing
Friteuse Electrique Inox 3 litres/,25.42,Kenz,Home & Office/Home & Kitchen/Kitchen & Dining/Small Appliances/Deep Fryers,KE402HL0WS3J4NAFAMZ,265.00 Dhs,https://ma.jumia.is/unsafe/fit-in/300x300/filters:fill(white)/product/55/058656/1.jpg?3664,https://www.jumia.ma/friteuse-electrique-inox-3-litres-kenz-mpg59195.html,2,https://www.jumia.ma/mlp-electromenager/?page=2#catalog-listing
"Moulinette DPA241 + Blender 1,5L - 1000W - 300g, système 1-2-3, blanc",76.63,Moulinex,Home & Office/Home & Kitchen/Kitchen & Dining/Small Appliances/Blenders,MO216HA0ZZDTXNAFAMZ,799.00 Dhs,https://ma.jumia.is/unsafe/fit-in/300x300/filters:fill(white)/product/60/437445/1.jpg?4784,https://www.jumia.ma/moulinette-dpa241-blender-15l-1000w-300g-systeme-1-2-3-blanc-moulinex-mpg1380234.html,2,https://www.jumia.ma/mlp-electromenager/?page=2#catalog-listing
Autocuiseur GRANITE SmartCocotte 6L,72.79,Black Diamond,Home & Office/Home & Kitchen/Kitchen & Dining/Small Appliances/Electric Cookware/Cookers,BL651HA0O7TDSNAFAMZ,759.00 Dhs,https://ma.jumia.is/unsafe/fit-in/300x300/filters:fill(white)/product/40/675456/1.jpg?3264,https://www.jumia.ma/black-diamond-autocuiseur-granite-smartcocotte-6l-65457604.html,2,https://www.jumia.ma/mlp-electromenager/?page=2#catalog-listing
Friteuse sans Huile - Airfryer -  2 paniers - 14 Litres -Germany,112.69,schlëizer,Home & Office/Home & Kitchen/Kitchen & Dining/Small Appliances/Air Fryers,SC670HA1C5G9SNAFAMZ,"1,175.00 Dhs",https://ma.jumia.is/unsafe/fit-in/300x300/filters:fill(white)/product/80/875936/1.jpg?2613,https://www.jumia.ma/friteuse-sans-huile-airfryer-2-paniers-15-litres-germany-schleizer-mpg1398164.html,2,https://www.jumia.ma/mlp-electromenager/?page=2#catalog-listing
Machine de sous vide + Rolo de 5 Mètres +10 Sachet sous vide,11.80,Vacuum Sealer,Home & Office/Home & Kitchen/Kitchen & Dining/Small Appliances/Specialty Appliances/Vacuum Sealers,VA698HA1DWCBWNAFAMZ,123.00 Dhs,https://ma.jumia.is/unsafe/fit-in/300x300/filters:fill(white)/product/83/810156/1.jpg?2154,https://www.jumia.ma/vacuum-sealer-machine-de-sous-vide-rolo-de-5-metres-10-sachet-sous-vide-65101838.html,2,https://www.jumia.ma/mlp-electromenager/?page=2#catalog-listing
"Bouilloire électrique 1,5L 2200W",9.49,KRÖHLER,Home & Office/Home & Kitchen/Kitchen & Dining/Small Appliances/Slow Cookers,KR249HA0NLY7ONAFAMZ,99.00 Dhs,https://ma.jumia.is/unsafe/fit-in/300x300/filters:fill(white)/product/39/655284/1.jpg?7406,https://www.jumia.ma/krohler-bouilloire-electrique-15l-2200w-48255693.html,2,https://www.jumia.ma/mlp-electromenager/?page=2#catalog-listing
Bouilloire électrique verre grande capacité 2 litre ,15.15,Deutschmann,Home & Office/Home & Kitchen/Kitchen & Dining/Small Appliances/Slow Cookers,DE403HA1CHYO8NAFAMZ,158.00 Dhs,https://ma.jumia.is/unsafe/fit-in/300x300/filters:fill(white)/product/81/459656/1.jpg?9304,https://www.jumia.ma/deutschmann-bouilloire-electrique-verre-grande-capacite-2-litre-65695418.html,2,https://www.jumia.ma/mlp-electromenager/?page=2#catalog-listing
"Hachoir Deluxe ""Black Diamond"" Inox & Silicone Soft Touch 4 lames - 1L",23.88,Black Diamond,Home & Office/Home & Kitchen/Kitchen & Dining/Small Appliances/Specialty Appliances/Food Grinders & Mills/Meat Grinders,BL651HA17ZRS8NAFAMZ,249.00 Dhs,https://ma.jumia.is/unsafe/fit-in/300x300/filters:fill(white)/product/73/892456/1.jpg?8444,https://www.jumia.ma/hachoir-electrique-edyson-black-diamond-320w-4-lames-1l-en-verre-edyson-mpg864408.html,2,https://www.jumia.ma/mlp-electromenager/?page=2#catalog-listing
"Blender  MEXICO 500 +moulin bol en plastique1.5L,500w 4 lames-2ans de garantie",30.02,Taurus,Home & Office/Home & Kitchen/Kitchen & Dining/Small Appliances/Blenders,TA867HA01OSJONAFAMZ,313.00 Dhs,https://ma.jumia.is/unsafe/fit-in/300x300/filters:fill(white)/product/02/836356/1.jpg?9978,https://www.jumia.ma/taurus-blender-mexico-500-moulin-bol-en-plastique1.5l500w-4-lames-2ans-de-garantie-65363820.html,2,https://www.jumia.ma/mlp-electromenager/?page=2#catalog-listing
Bouilloire electrique inox - 2 Litres - 1500W,8.63,Roch,Home & Office/Home & Kitchen/Kitchen & Dining/Small Appliances/Slow Cookers,RO725HA0HKOW8NAFAMZ,90.00 Dhs,https://ma.jumia.is/unsafe/fit-in/300x300/filters:fill(white)/product/29/518856/1.jpg?1626,https://www.jumia.ma/roch-bouilloire-electrique-inox-2-litres-1500w-65881592.html,2,https://www.jumia.ma/mlp-electromenager/?page=2#catalog-listing
"BOUILLOIRE MATIN BY2M NOIR 1,7L",33.47,Moulinex,Home & Office/Home & Kitchen/Kitchen & Dining/Small Appliances/Slow Cookers,MO216HA1KYHMCNAFAMZ,349.00 Dhs,https://ma.jumia.is/unsafe/fit-in/300x300/filters:fill(white)/product/95/667636/1.jpg?6083,https://www.jumia.ma/moulinex-bouilloire-matin-by2m-noir-17l-63676659.html,2,https://www.jumia.ma/mlp-electromenager/?page=2#catalog-listing
"Machine de scellage à chaud sous vide, machine de scellage de sacs en plastique, gadgets d'emballage",6.91,Vacuum Sealer,Home & Office/Home & Kitchen/Kitchen & Dining/Small Appliances/Specialty Appliances/Vacuum Sealers,VA698HA0P0H90NAFAMZ,72.00 Dhs,https://ma.jumia.is/unsafe/fit-in/300x300/filters:fill(white)/product/42/012756/1.jpg?3296,https://www.jumia.ma/vacuum-sealer-machine-de-scellage-a-chaud-sous-vide-machine-de-scellage-de-sacs-en-plastique-gadgets-demballage-de-cuisine-conservation-des-aliments-menagersavec-10-sacs-65721024.html,2,https://www.jumia.ma/mlp-electromenager/?page=2#catalog-listing
"Presse-Agrume PC300B10 - 0.6L - 2 filtres, rotation 2 sens",23.88,Moulinex,Home & Office/Home & Kitchen/Kitchen & Dining/Small Appliances/Juicers/Centrifugal Juicers,MO216HA112AUVNAFAMZ,249.00 Dhs,https://ma.jumia.is/unsafe/fit-in/300x300/filters:fill(white)/product/62/253175/1.jpg?4244,https://www.jumia.ma/moulinex-presse-agrume-pc300b10-0.6l-2-filtres-rotation-2-sens-57135226.html,2,https://www.jumia.ma/mlp-electromenager/?page=2#catalog-listing
Presse agrume EASY PRESS 1000 Légende - 2ans de garantie,54.57,Taurus,Home & Office/Home & Kitchen/Kitchen & Dining/Small Appliances/Juicers/Masticating Juicers/Single Auger Masticating Juicers,TA867HA0LZN1GNAFAMZ,569.00 Dhs,https://ma.jumia.is/unsafe/fit-in/300x300/filters:fill(white)/product/36/934756/1.jpg?7725,https://www.jumia.ma/taurus-presse-agrume-easy-press-1000-legende-2ans-de-garantie-65743963.html,2,https://www.jumia.ma/mlp-electromenager/?page=2#catalog-listing
Batteur Electrique  LY-610  7 vitesse  article 7689,5.94,General,Home & Office/Home & Kitchen/Kitchen & Dining/Small Appliances/Mixers/Stand Mixers,GE570HL1BDM0WNAFAMZ,61.90 Dhs,https://ma.jumia.is/unsafe/fit-in/300x300/filters:fill(white)/product/79/577024/1.jpg?3313,https://www.jumia.ma/general-batteur-electrique-ly-610-7-vitesse-article-7689-42077597.html,2,https://www.jumia.ma/mlp-electromenager/?page=2#catalog-listing
Panini Asteria ceramic revêtement en pierre 2000W Ouverture 180°- 2ans de garantie,68.29,Taurus,Home & Office/Home & Kitchen/Kitchen & Dining/Small Appliances/Waffle Irons,TA867HA0HC7HSNAFAMZ,712.00 Dhs,https://ma.jumia.is/unsafe/fit-in/300x300/filters:fill(white)/product/29/123056/1.jpg?1456,https://www.jumia.ma/taurus-panini-asteria-ceramic-revetement-en-pierre-2000w-ouverture-180-2ans-de-garantie-65032192.html,2,https://www.jumia.ma/mlp-electromenager/?page=2#catalog-listing
Friteuse sans Huile - 8 Litres - 8 programmes-Ecran tactile LED - 1800W -Germany,89.77,Heinrich's,Home & Office/Home & Kitchen/Kitchen & Dining/Small Appliances/Air Fryers,HE412HA1C9PSFNAFAMZ,936.00 Dhs,https://ma.jumia.is/unsafe/fit-in/300x300/filters:fill(white)/product/81/074895/1.jpg?2084,https://www.jumia.ma/heinrichs-friteuse-sans-huile-8-litres-8-programmes-ecran-tactile-led-1800w-germany-59847018.html,2,https://www.jumia.ma/mlp-electromenager/?page=2#catalog-listing
"FRITEUSE DUAL EASY FRY ESSENTIAL NOIRE 8,3L EY901N10 TEFAL (friteuse sans huile)",191.72,Tefal,Home & Office/Home & Kitchen/Kitchen & Dining/Small Appliances/Air Fryers,TE319HA0K3KT4NAFAMZ,"1,999.00 Dhs",https://ma.jumia.is/unsafe/fit-in/300x300/filters:fill(white)/product/33/759256/1.jpg?3262,https://www.jumia.ma/tefal-friteuse-dual-easy-fry-essential-noire-83l-ey901n10-tefal-friteuse-sans-huile-65295733.html,2,https://www.jumia.ma/mlp-electromenager/?page=2#catalog-listing
Grille/planche de cuisson 90x23cm antiadhésif électrique 2000W,52.65,Lamacom,Home & Office/Home & Kitchen/Kitchen & Dining/Small Appliances/Electric Griddles,LA347HA0N76XWNAFAMZ,549.00 Dhs,https://ma.jumia.is/unsafe/fit-in/300x300/filters:fill(white)/product/38/966756/1.jpg?0614,https://www.jumia.ma/lamacom-grilleplanche-de-cuisson-90x23cm-antiadhesif-electrique-2000w-65766983.html,2,https://www.jumia.ma/mlp-electromenager/?page=2#catalog-listing
Robot Mixeur plongeant -  4 en 1 - 600W - 3 vitesses,21.39,Haeger,Home & Office/Home & Kitchen/Kitchen & Dining/Small Appliances/Mixers/Hand Mixers,HA732HA0NIO7ONAFAMZ,223.00 Dhs,https://ma.jumia.is/unsafe/fit-in/300x300/filters:fill(white)/product/39/502356/1.jpg?3784,https://www.jumia.ma/haeger-robot-mixeur-plongeant-4-en-1-600w-3-vitesses-65320593.html,2,https://www.jumia.ma/mlp-electromenager/?page=2#catalog-listing
Autocuiseur GRANITE SmartCocotte 8L,86.51,Black Diamond,Home & Office/Home & Kitchen/Kitchen & Dining/Small Appliances/Electric Cookware/Cookers,BL651HA0U65FKNAFAMZ,902.00 Dhs,https://ma.jumia.is/unsafe/fit-in/300x300/filters:fill(white)/product/50/675456/1.jpg?7643,https://www.jumia.ma/black-diamond-autocuiseur-granite-smartcocotte-8l-65457605.html,2,https://www.jumia.ma/mlp-electromenager/?page=2#catalog-listing
Panini grill multifonction appareil à sandwichs 750 W - 2ans de garantie,12.66,Mellerware,Home & Office/Home & Kitchen/Kitchen & Dining/Small Appliances/Waffle Irons,ME675HA0C5H16NAFAMZ,132.00 Dhs,https://ma.jumia.is/unsafe/fit-in/300x300/filters:fill(white)/product/20/410746/1.jpg?3488,https://www.jumia.ma/mellerware-panini-grill-multifonction-appareil-a-sandwichs-750-w-2ans-de-garantie-64701402.html,2,https://www.jumia.ma/mlp-electromenager/?page=2#catalog-listing
"Friteuse sans huile - 8,5L - Air fryer tactile - 2000Watts - 8 programmes",71.55,Cooking,Home & Office/Home & Kitchen/Kitchen & Dining/Small Appliances/Air Fryers,FL961HA0ULTPGNAFAMZ,746.00 Dhs,https://ma.jumia.is/unsafe/fit-in/300x300/filters:fill(white)/product/51/406756/1.jpg?6529,https://www.jumia.ma/cooking-friteuse-sans-huile-85l-air-fryer-tactile-2000watts-8-programmes-65760415.html,2,https://www.jumia.ma/mlp-electromenager/?page=2#catalog-listing
Friteuse sans Huile -  5 Litres - 2 ans de garantie,66.08,Taurus,Home & Office/Home & Kitchen/Kitchen & Dining/Small Appliances/Air Fryers,TA867HA1FRCWONAFAMZ,689.00 Dhs,https://ma.jumia.is/unsafe/fit-in/300x300/filters:fill(white)/product/86/936856/1.jpg?5649,https://www.jumia.ma/taurus-friteuse-sans-huile-5-litres-2-ans-de-garantie-65863968.html,2,https://www.jumia.ma/mlp-electromenager/?page=2#catalog-listing
"Hachoir électrique Chopper TopGlass XXL400w 4 lames 1,5Len verre - 2ans de garantie",31.84,Taurus,Home & Office/Home & Kitchen/Kitchen & Dining/Small Appliances/Specialty Appliances/Food Grinders & Mills,TA867HA1B5BB1NAFAMZ,332.00 Dhs,https://ma.jumia.is/unsafe/fit-in/300x300/filters:fill(white)/product/79/189885/1.jpg?2126,https://www.jumia.ma/taurus-hachoir-electrique-chopper-topglass-xxl400w-4-lames-15len-verre-2ans-de-garantie-58898197.html,2,https://www.jumia.ma/mlp-electromenager/?page=2#catalog-listing
Friteuse sans huile XXL - 10L - Air fryer tactile - 10 programmes - 1700W,85.84,Regal,Home & Office/Home & Kitchen/Kitchen & Dining/Small Appliances/Air Fryers,RE001HA0ZO2A0NAFAMZ,895.00 Dhs,https://ma.jumia.is/unsafe/fit-in/300x300/filters:fill(white)/product/59/909256/1.jpg?7056,https://www.jumia.ma/regal-friteuse-sans-huile-xxl-10l-air-fryer-tactile-10-programmes-1700w-65290995.html,2,https://www.jumia.ma/mlp-electromenager/?page=2#catalog-listing
Machine Sous-Vide électrique + 2PS rouleau Sacs sous vide,15.25,Vacuum Sealer,Home & Office/Home & Kitchen/Kitchen & Dining/Small Appliances/Specialty Appliances/Sous Vide Machines,VA698HA1GMGTCNAFAMZ,159.00 Dhs,https://ma.jumia.is/unsafe/fit-in/300x300/filters:fill(white)/product/88/388256/1.jpg?6027,https://www.jumia.ma/vacuum-sealer-machine-sous-vide-electrique-2ps-rouleau-sacs-sous-vide-65288388.html,2,https://www.jumia.ma/mlp-electromenager/?page=2#catalog-listing
Réfrigérateur avec congélateur en haut 190L -Dp 27 Blanc,249.26,Siera,Home & Office/Tools & Home Improvement/Appliances/Refrigerators,SI498HA03EDTBNAFAMZ,"2,599.00 Dhs",https://ma.jumia.is/unsafe/fit-in/300x300/filters:fill(white)/product/05/709935/3.jpg?7192,https://www.jumia.ma/siera-refrigerateur-avec-congelateur-en-haut-190l-dp-27-blanc-53990750.html,2,https://www.jumia.ma/mlp-electromenager/?page=2#catalog-listing
Friteuse sans Huile - Airfryer -  2 paniers - 15 Litres -Germany,108.85,schlëizer,Home & Office/Home & Kitchen/Kitchen & Dining/Small Appliances/Air Fryers,SC670HA0047TGNAFAMZ,"1,135.00 Dhs",https://ma.jumia.is/unsafe/fit-in/300x300/filters:fill(white)/product/00/196756/1.jpg?0111,https://www.jumia.ma/schleizer-friteuse-sans-huile-airfryer-2-paniers-15-litres-germany-65769100.html,3,https://www.jumia.ma/mlp-electromenager/?page=3#catalog-listing
Micro-Ondes - 20L - 800W - Silver écran digital fonction décongélation,81.52,Sharp,Home & Office/Home & Kitchen/Kitchen & Dining/Small Appliances/Microwave Ovens/Compact Microwave Ovens,SH287HA15ME0ONAFAMZ,850.00 Dhs,https://ma.jumia.is/unsafe/fit-in/300x300/filters:fill(white)/product/69/908856/1.jpg?0242,https://www.jumia.ma/sharp-micro-ondes-20l-800w-silver-ecran-digital-fonction-decongelation-65880996.html,3,https://www.jumia.ma/mlp-electromenager/?page=3#catalog-listing
"Mixeur, Mélangeur, Blender, Robot 2 Bols incassable Presse agrume céréales",21.58,Generic,Home & Office/Home & Kitchen/Kitchen & Dining/Small Appliances/Blenders/Countertop Blenders,GE232HA1JCPZYNAFAMZ,225.00 Dhs,https://ma.jumia.is/unsafe/fit-in/300x300/filters:fill(white)/product/92/972446/1.jpg?1020,https://www.jumia.ma/generic-mixeur-melangeur-blender-robot-2-bols-incassable-presse-agrume-cereales-64427929.html,3,https://www.jumia.ma/mlp-electromenager/?page=3#catalog-listing
Robot Mixeur Plongeant SPIRO CORE BLACK  6Vitesses Réglable -2ans de garantie,24.55,Mellerware,Home & Office/Home & Kitchen/Kitchen & Dining/Small Appliances/Mixers/Hand Mixers,ME675HA1DJFHPNAFAMZ,256.00 Dhs,https://ma.jumia.is/unsafe/fit-in/300x300/filters:fill(white)/product/83/207725/1.jpg?5649,https://www.jumia.ma/robot-mixeur-plongeant-spiro-core-black-6vitesses-reglable-2-ans-de-garantie-mellerware-mpg1460110.html,3,https://www.jumia.ma/mlp-electromenager/?page=3#catalog-listing
HACHOIR MANUEL K1320404 900ML,19.09,Tefal,Home & Office/Home & Kitchen/Kitchen & Dining/Small Appliances/Specialty Appliances/Food Grinders & Mills,TE319HA0S62QYNAFAMZ,199.00 Dhs,https://ma.jumia.is/unsafe/fit-in/300x300/filters:fill(white)/product/47/312746/1.jpg?1705,https://www.jumia.ma/tefal-hachoir-manuel-k1320404-900ml-64721374.html,3,https://www.jumia.ma/mlp-electromenager/?page=3#catalog-listing
Friteuse sans huile XXXL - 12L - Air fryer tactile - 7 programmes - 1800W,90.63,schlëizer,Home & Office/Home & Kitchen/Kitchen & Dining/Small Appliances/Air Fryers,SC670HA00PNF8NAFAMZ,945.00 Dhs,https://ma.jumia.is/unsafe/fit-in/300x300/filters:fill(white)/product/01/196756/1.jpg?3248,https://www.jumia.ma/schleizer-friteuse-sans-huile-xxxl-12l-air-fryer-tactile-7-programmes-1800w-65769110.html,3,https://www.jumia.ma/mlp-electromenager/?page=3#catalog-listing
Cuiseur Vapeur Convenient VC1401 900W,47.86,Tefal,Home & Office/Home & Kitchen/Kitchen & Dining/Small Appliances/Electric Pressure Cookers,TE319HA0F9OTONAFAMZ,499.00 Dhs,https://ma.jumia.is/unsafe/fit-in/300x300/filters:fill(white)/product/25/646316/1.jpg?1845,https://www.jumia.ma/tefal-cuiseur-vapeur-convenient-vc1401-900w-61364652.html,3,https://www.jumia.ma/mlp-electromenager/?page=3#catalog-listing
Mini Réfrigérateur et Mini Bar avec Verrouillage de sécurité - 47L - Statique,99.45,Visio,Home & Office/Home & Kitchen/Kitchen & Dining/Small Appliances/Beverage Refrigerators,VI281HA0CLL20NAFAMZ,"1,037.00 Dhs",https://ma.jumia.is/unsafe/fit-in/300x300/filters:fill(white)/product/21/162456/1.jpg?8586,https://www.jumia.ma/visio-mini-refrigerateur-et-mini-bar-avec-verrouillage-de-securite-47l-statique-65426112.html,3,https://www.jumia.ma/mlp-electromenager/?page=3#catalog-listing
Hachoir électrique bol inox 500W GERMANY STYLE,20.04,Deutschmann,Home & Office/Home & Kitchen/Kitchen & Dining/Small Appliances/Specialty Appliances/Food Grinders & Mills/Meat Grinders,GE565HA0RQHU4NAFAMZ,209.00 Dhs,https://ma.jumia.is/unsafe/fit-in/300x300/filters:fill(white)/product/46/585804/1.jpg?2533,https://www.jumia.ma/hachoir-electrique-bol-inox-500w-germany-style-german-lab-mpg1447112.html,3,https://www.jumia.ma/mlp-electromenager/?page=3#catalog-listing
"Bouilloire électrique, Bouilloire de thé en verre, ébullition rapide 2 Litres",13.21,Generic,Home & Office/Home & Kitchen/Kitchen & Dining/Small Appliances/Slow Cookers,GE232HA0AFNGWNAFAMZ,137.75 Dhs,https://ma.jumia.is/unsafe/fit-in/300x300/filters:fill(white)/product/17/526416/1.jpg?1967,https://www.jumia.ma/bouilloire-electrique-bouilloire-de-the-en-verre-ebullition-rapide-2-litres-generic-mpg1447083.html,3,https://www.jumia.ma/mlp-electromenager/?page=3#catalog-listing
Cooklux Friteuse Sans Huile Airfryer 8L,60.33,Generic,Home & Office/Home & Kitchen/Kitchen & Dining/Small Appliances/Air Fryers,GE232HA0JQU8SNAFAMZ,629.00 Dhs,https://ma.jumia.is/unsafe/fit-in/300x300/filters:fill(white)/product/33/164956/1.jpg?1385,https://www.jumia.ma/generic-cooklux-friteuse-sans-huile-airfryer-8l-65946133.html,3,https://www.jumia.ma/mlp-electromenager/?page=3#catalog-listing
Mini mixeur portable à 4 lames rechargeable pour bureau et sorties,7.28,Generic,Home & Office/Home & Kitchen/Kitchen & Dining/Small Appliances/Mixers,GE232HL0LL7Y6NAFAMZ,75.92 Dhs,https://ma.jumia.is/unsafe/fit-in/300x300/filters:fill(white)/product/36/262014/1.jpg?5870,https://www.jumia.ma/generic-mini-mixeur-portable-a-4-lames-rechargeable-pour-bureau-et-sorties-41026263.html,3,https://www.jumia.ma/mlp-electromenager/?page=3#catalog-listing
"Four à pizza et pain électrique multifonction 2200w 40cm diamétre , blanc/white",43.64,General,Home & Office/Home & Kitchen/Kitchen & Dining/Small Appliances/Ovens & Toasters,GE570HA0WXFAXNAFAMZ,455.00 Dhs,https://ma.jumia.is/unsafe/fit-in/300x300/filters:fill(white)/product/55/307193/1.jpg?2983,https://www.jumia.ma/general-four-a-pizza-et-pain-electrique-multifonction-2200w-40cm-diametre-blancwhite-39170355.html,3,https://www.jumia.ma/mlp-electromenager/?page=3#catalog-listing
Bouilloire en verre cristal Siena Glass  1.7L puissance 2200w 2 ans de garantie,26.37,Taurus,Home & Office/Home & Kitchen/Kitchen & Dining/Small Appliances/Slow Cookers,TA867HA040A5WNAFAMZ,275.00 Dhs,https://ma.jumia.is/unsafe/fit-in/300x300/filters:fill(white)/product/06/731636/1.jpg?9032,https://www.jumia.ma/taurus-bouilloire-en-verre-cristal-siena-glass-1.7l-puissance-2200w-2-ans-de-garantie-63613760.html,3,https://www.jumia.ma/mlp-electromenager/?page=3#catalog-listing
Grille/planche de cuisson 67x23cm antiadhésif électrique 2000W,47.86,Lamacom,Home & Office/Home & Kitchen/Kitchen & Dining/Small Appliances/Electric Griddles,LA347HA0WIYTSNAFAMZ,499.00 Dhs,https://ma.jumia.is/unsafe/fit-in/300x300/filters:fill(white)/product/54/632656/1.jpg?0624,https://www.jumia.ma/lamacom-grilleplanche-de-cuisson-67x23cm-antiadhesif-electrique-2000w-65623645.html,3,https://www.jumia.ma/mlp-electromenager/?page=3#catalog-listing
Mini Réfrigérateur 50L - Silencieux - 70 W - A+ Économie d'énergie FMD-955K,104.35,Daiko,Home & Office/Tools & Home Improvement/Appliances/Refrigerators,DA150HA1FW472NAFAMZ,"1,088.00 Dhs",https://ma.jumia.is/unsafe/fit-in/300x300/filters:fill(white)/product/87/158846/1.jpg?9043,https://www.jumia.ma/daiko-mini-refrigerateur-50l-silencieux-70-w-a-economie-denergie-fmd-955k-64885178.html,3,https://www.jumia.ma/mlp-electromenager/?page=3#catalog-listing
"Presse-agrumes, presse citron et orange manuel, extracteur de jus",3.36,Generic,Home & Office/Home & Kitchen/Kitchen & Dining/Small Appliances/Juicers/Citrus Juicers,GE232HA09TASKNAFAMZ,35.00 Dhs,https://ma.jumia.is/unsafe/fit-in/300x300/filters:fill(white)/product/16/483556/1.jpg?5409,https://www.jumia.ma/generic-presse-agrumes-presse-citron-et-orange-manuel-extracteur-de-jus-65538461.html,3,https://www.jumia.ma/mlp-electromenager/?page=3#catalog-listing
Cooking Hachoir électrique 2 bols Inox et Verre + 5 Lames et batteur et spatule 3L,21.00,Generic,Home & Office/Home & Kitchen/Kitchen & Dining/Small Appliances/Specialty Appliances/Food Grinders & Mills/Meat Grinders,GE232HA0EB4MUNAFAMZ,219.00 Dhs,https://ma.jumia.is/unsafe/fit-in/300x300/filters:fill(white)/product/24/033846/1.jpg?7232,https://www.jumia.ma/generic-cooking-hachoir-electrique-2-bols-inox-et-verre-5-lames-et-batteur-et-spatule-3l-64833042.html,3,https://www.jumia.ma/mlp-electromenager/?page=3#catalog-listing
Machine à gauffre - Waffle maker Automat - Gaufres Belges de Bruxelles - 2 plaques,29.64,Clatronic,Home & Office/Home & Kitchen/Kitchen & Dining/Small Appliances/Waffle Irons,CL904HA00OV3GNAFAMZ,309.00 Dhs,https://ma.jumia.is/unsafe/fit-in/300x300/filters:fill(white)/product/01/160044/1.jpg?7072,https://www.jumia.ma/machine-a-gauffre-waffle-maker-automat-gaufres-belges-de-bruxelles-2-plaques-clatronic-mpg1446650.html,3,https://www.jumia.ma/mlp-electromenager/?page=3#catalog-listing
"Mixeur 1000 W blender 5 vitesses 1,5 litres + moulin à épice en verre",28.77,Deutschmann,Home & Office/Home & Kitchen/Kitchen & Dining/Small Appliances/Blenders/Countertop Blenders,DE403HA0J8BEYNAFAMZ,299.99 Dhs,https://ma.jumia.is/unsafe/fit-in/300x300/filters:fill(white)/product/32/300746/1.jpg?4154,https://www.jumia.ma/deutschmann-mixeur-1000-w-blender-5-vitesses-15-litres-moulin-a-epice-en-verre-64700323.html,3,https://www.jumia.ma/mlp-electromenager/?page=3#catalog-listing
"Toaster grille pain Mytoast II Legend Inoxydable,2 fentes 850 W-2ans de garantie",32.70,Taurus,Home & Office/Home & Kitchen/Kitchen & Dining/Small Appliances/Waffle Irons,TA867HL18KROMNAFAMZ,341.00 Dhs,https://ma.jumia.is/unsafe/fit-in/300x300/filters:fill(white)/product/74/872102/1.jpg?9471,https://www.jumia.ma/taurus-toaster-grille-pain-mytoast-ii-legend-inoxydable2-fentes-850-w-2ans-de-garantie-20127847.html,3,https://www.jumia.ma/mlp-electromenager/?page=3#catalog-listing
Bouilloire Électrique 1.8L 1500W - Système D’arrêt Automatique Et Manuel - Indicateur de niveau d’ea,10.45,Kenz,Home & Office/Home & Kitchen/Kitchen & Dining/Small Appliances/Slow Cookers,KE402HA1FLN92NAFAMZ,109.00 Dhs,https://ma.jumia.is/unsafe/fit-in/300x300/filters:fill(white)/product/86/670326/1.jpg?3317,https://www.jumia.ma/kenz-bouilloire-electrique-1.8l-1500w-systeme-darret-automatique-et-manuel-indicateur-de-niveau-deau-integre-bg-1500-62307668.html,3,https://www.jumia.ma/mlp-electromenager/?page=3#catalog-listing
Friteuse sans Huile -  8.8 Litres - 2 ans de garantie,160.64,Taurus,Home & Office/Home & Kitchen/Kitchen & Dining/Small Appliances/Air Fryers,TA867HA04M9X8NAFAMZ,"1,675.00 Dhs",https://ma.jumia.is/unsafe/fit-in/300x300/filters:fill(white)/product/07/757756/1.jpg?4983,https://www.jumia.ma/taurus-friteuse-sans-huile-8.8-litres-2-ans-de-garantie-65775770.html,3,https://www.jumia.ma/mlp-electromenager/?page=3#catalog-listing
TA 01305-GS - Toaster - 2 FENTES,21.77,Royal,Home & Office/Home & Kitchen/Kitchen & Dining/Small Appliances/Ovens & Toasters/Toasters,RO663HA03GTRENAFAMZ,227.00 Dhs,https://ma.jumia.is/unsafe/fit-in/300x300/filters:fill(white)/product/05/823914/1.jpg?6806,https://www.jumia.ma/royal-ta-01305-gs-toaster-2-fentes-41932850.html,3,https://www.jumia.ma/mlp-electromenager/?page=3#catalog-listing
Barbecue électrique Accessimo Table Intérieur & Extérieur BG134812,47.86,Moulinex,Home & Office/Home & Kitchen/Kitchen & Dining/Small Appliances/Electric Griddles,MO216HA1IZBHYNAFAMZ,499.00 Dhs,https://ma.jumia.is/unsafe/fit-in/300x300/filters:fill(white)/product/92/347126/1.jpg?6663,https://www.jumia.ma/moulinex-barbecue-electrique-accessimo-table-interieur-exterieur-bg134812-62174329.html,3,https://www.jumia.ma/mlp-electromenager/?page=3#catalog-listing
"Lave-vaisselle A++ silencieux 13 Couverts 4 Programmes, X13 Silver",237.46,Siera,Home & Office/Tools & Home Improvement/Appliances/Dishwashers,SI498HA0R3VAUNAFAMZ,"2,476.00 Dhs",https://ma.jumia.is/unsafe/fit-in/300x300/filters:fill(white)/product/45/530166/1.jpg?4305,https://www.jumia.ma/siera-lave-vaisselle-a-silencieux-13-couverts-4-programmes-x13-silver-66103554.html,3,https://www.jumia.ma/mlp-electromenager/?page=3#catalog-listing
Presse agrume CITRUS COMPACT Double sens de rotation - 2ans de garantie,18.13,Taurus,Home & Office/Home & Kitchen/Kitchen & Dining/Small Appliances/Juicers/Masticating Juicers/Single Auger Masticating Juicers,TA867HA1FRBACNAFAMZ,189.00 Dhs,https://ma.jumia.is/unsafe/fit-in/300x300/filters:fill(white)/product/86/934756/1.jpg?7907,https://www.jumia.ma/taurus-presse-agrume-citrus-compact-double-sens-de-rotation-2ans-de-garantie-65743968.html,3,https://www.jumia.ma/mlp-electromenager/?page=3#catalog-listing
"Presse-agrumes électrique 700ml Votre meilleur allié en cuisine, Orange & Citron",12.85,Lamacom,Home & Office/Home & Kitchen/Kitchen & Dining/Small Appliances/Juicers/Masticating Juicers,LA347HA0ZG6M2NAFAMZ,134.00 Dhs,https://ma.jumia.is/unsafe/fit-in/300x300/filters:fill(white)/product/59/541626/1.jpg?8884,https://www.jumia.ma/lamacom-presse-agrumes-electrique-700ml-votre-meilleur-allie-en-cuisine-orange-citron-62614595.html,3,https://www.jumia.ma/mlp-electromenager/?page=3#catalog-listing
"Bouilloire en inox Selene  2200 W, 1,7L acier inoxydable -  2 ans de garantie",35.49,Taurus,Home & Office/Home & Kitchen/Kitchen & Dining/Small Appliances/Slow Cookers,TA867OTOHWWINAFAMZ,370.00 Dhs,https://ma.jumia.is/unsafe/fit-in/300x300/filters:fill(white)/product/81/025371/2.jpg?7361,https://www.jumia.ma/taurus-bouilloire-en-inox-selene-2200-w-17l-acier-inoxydable-2-ans-de-garantie-17352018.html,3,https://www.jumia.ma/mlp-electromenager/?page=3#catalog-listing
Machine a café Inissia Noir + coffret Capsules,109.24,Nespresso,Home & Office/Home & Kitchen/Kitchen & Dining/Small Appliances/Soda Makers,NE223HA0DJGNKNAFAMZ,"1,139.00 Dhs",https://ma.jumia.is/unsafe/fit-in/300x300/filters:fill(white)/product/22/743056/1.jpg?4631,https://www.jumia.ma/nespresso-machine-a-cafe-inissia-noir-coffret-capsules-65034722.html,3,https://www.jumia.ma/mlp-electromenager/?page=3#catalog-listing
Robot Mixeur Plongeant hachoir à haute puissancePro 1200COMPLET-2ans de garantie,45.46,Solac,Home & Office/Home & Kitchen/Kitchen & Dining/Small Appliances/Mixers,SO312HL0Q49IBNAFAMZ,474.00 Dhs,https://ma.jumia.is/unsafe/fit-in/300x300/filters:fill(white)/product/43/868963/1.jpg?1081,https://www.jumia.ma/solac-robot-mixeur-plongeant-hachoir-a-haute-puissancepro-1200complet-2ans-de-garantie-36986834.html,3,https://www.jumia.ma/mlp-electromenager/?page=3#catalog-listing
Panini Grill Asteria plancha et Appareil à Sandwich 2200w -2ans de garantie,57.45,Taurus,Home & Office/Home & Kitchen/Kitchen & Dining/Small Appliances/Waffle Irons,TA867HA0TWGW2NAFAMZ,599.00 Dhs,https://ma.jumia.is/unsafe/fit-in/300x300/filters:fill(white)/product/50/223746/1.jpg?2851,https://www.jumia.ma/taurus-panini-grill-asteria-plancha-et-appareil-a-sandwich-2200w-2ans-de-garantie-64732205.html,3,https://www.jumia.ma/mlp-electromenager/?page=3#catalog-listing
Couscoussier rouge VITAL Anti-Adhésive  4L,26.37,Taurus,Home & Office/Home & Kitchen/Kitchen & Dining/Small Appliances/Steamers,TA867HL1IY1JXNAFAMZ,275.00 Dhs,https://ma.jumia.is/unsafe/fit-in/300x300/filters:fill(white)/product/92/287581/1.jpg?2428,https://www.jumia.ma/taurus-couscoussier-rouge-vital-anti-adhesive-4l-18578229.html,3,https://www.jumia.ma/mlp-electromenager/?page=3#catalog-listing
Bouilloire en plastique Luna -1100W 1L – 2 ans de garantie,17.26,Taurus,Home & Office/Home & Kitchen/Kitchen & Dining/Small Appliances/Slow Cookers,TA867HL1137ZANAFAMZ,180.00 Dhs,https://ma.jumia.is/unsafe/fit-in/300x300/filters:fill(white)/product/62/296102/1.jpg?7959,https://www.jumia.ma/bouilloire-luna-1100w-1l-2-ans-de-garantie-taurus-mpg75814.html,3,https://www.jumia.ma/mlp-electromenager/?page=3#catalog-listing
"Machine de scellage à vide Emballeur des aliments, Machine d'emballage sous vide",9.11,Generic,Home & Office/Home & Kitchen/Kitchen & Dining/Small Appliances/Specialty Appliances/Sous Vide Machines,GE232HA1K8U3XNAFAMZ,95.00 Dhs,https://ma.jumia.is/unsafe/fit-in/300x300/filters:fill(white)/product/94/470765/1.jpg?6494,https://www.jumia.ma/machine-de-scellage-a-vide-emballeur-des-aliments-machine-demballage-sous-vide-generic-mpg1446904.html,3,https://www.jumia.ma/mlp-electromenager/?page=3#catalog-listing
Mini four électrique 7 litres - 600w - 2 ans Garantie,30.21,RAF,Home & Office/Home & Kitchen/Kitchen & Dining/Small Appliances/Ovens & Toasters/Toaster Ovens,BR021HA0JFZ9SNAFAMZ,315.00 Dhs,https://ma.jumia.is/unsafe/fit-in/300x300/filters:fill(white)/product/32/658256/1.jpg?4584,https://www.jumia.ma/raf-mini-four-electrique-7-litres-600w-2-ans-garantie-65285623.html,3,https://www.jumia.ma/mlp-electromenager/?page=3#catalog-listing
Robot Mixeur Plongeant ROBOT 750 EASY Système de rotation turbo-2ans de garantie,17.74,Taurus,Home & Office/Home & Kitchen/Kitchen & Dining/Small Appliances/Mixers/Hand Mixers,TA867HA0KULQENAFAMZ,185.00 Dhs,https://ma.jumia.is/unsafe/fit-in/300x300/filters:fill(white)/product/35/020166/1.jpg?2705,https://www.jumia.ma/taurus-robot-mixeur-plongeant-robot-750-easy-systeme-de-rotation-turbo-2ans-de-garantie-66102053.html,3,https://www.jumia.ma/mlp-electromenager/?page=3#catalog-listing
Micro-Ondes - 20L - 700W - noir écran digital fonction décongélation,76.25,Roch,Home & Office/Home & Kitchen/Kitchen & Dining/Small Appliances/Ovens & Toasters,RO725HA1FLL6WNAFAMZ,795.00 Dhs,https://ma.jumia.is/unsafe/fit-in/300x300/filters:fill(white)/product/86/667656/1.jpg?8636,https://www.jumia.ma/roch-micro-ondes-20l-700w-noir-ecran-digital-fonction-decongelation-65676668.html,3,https://www.jumia.ma/mlp-electromenager/?page=3#catalog-listing
"Bouilloire Electrique Corps Inox Puissante 1,8 L",10.45,Generic,Home & Office/Home & Kitchen/Kitchen & Dining/Small Appliances/Slow Cookers,GE232HA0OINJWNAFAMZ,109.00 Dhs,https://ma.jumia.is/unsafe/fit-in/300x300/filters:fill(white)/product/41/181116/1.jpg?0406,https://www.jumia.ma/bouilloire-electrique-corps-inox-puissante-18-l-generic-mpg1446949.html,3,https://www.jumia.ma/mlp-electromenager/?page=3#catalog-listing
FRITEUSE SANS HUILE - AIR FRYER DIGITAL - 6.5L - 1600W,68.38,zagura,Home & Office/Home & Kitchen/Kitchen & Dining/Small Appliances/Air Fryers,ZA985HA0X6K4SNAFAMZ,713.00 Dhs,https://ma.jumia.is/unsafe/fit-in/300x300/filters:fill(white)/product/55/733356/1.jpg?1088,https://www.jumia.ma/zagura-friteuse-sans-huile-air-fryer-digital-6.5l-1600w-65333755.html,3,https://www.jumia.ma/mlp-electromenager/?page=3#catalog-listing
